mae,rmse,mse,r2,y_true,y_pred
0.0313,0.4809,0.2312,0.9891,"76829    0.703936
98679    0.590000
39969    1.145763
96048    1.690495
79336    0.017379
           ...   
99151    0.520000
47571    0.080871
69161    0.037037
73660    0.342779
83416    0.661700
Name: risk_score, Length: 21943, dtype: float64",[0.6978942  0.59802914 1.2714179  ... 0.03760499 0.32983086 0.6617307 ]
